Name,Power,Activity,Rank,Active
IronVanguard,231.2M,1,R4,yes
LunaStrike,239.3M,3,R4,yes
Kael_7,197.9M,2,,yes
NovaBlade,234.1M,5,,yes
Ñova,187.0M,4,,yes
GoldenHawk,182.5M,2,R4,yes
ShadowFox,197.5M,5,,yes
Valkyra,228.2M,5,R5,yes
RexTitan,195.9M,5,,yes
SilentArrow,128.4M,4,,yes
Brutus,158.1M,1,,yes
CrimsonOwl,187.8M,3,,yes
Zephyr,177.2M,4,R4,yes
MadMaxine,103.6M,3,,yes
Orion77,222.5M,4,,yes
PixelPaladin,72.9M,4,,yes
Thunderjaw,71.9M,4,,yes
Ember,160.7M,1,,yes
FrostByte,182.7M,5,,yes
Gr1mReaper,76.8M,4,,yes
HelixQueen,68.8M,3,,yes
Jaguar,200.1M,5,,yes
Kraken,210.0M,4,,yes
LadyLuck,156.0M,2,,yes
Mercury,63.0M,3,,yes
NightOwl,190.3M,2,,yes
Odin,204.7M,2,,yes
Phoenix,121.5M,4,,yes
QuietStorm,166.2M,4,,yes
Ronin,83.5M,4,,yes
Saber,91.7M,3,,yes
Tempest,177.8M,2,,yes
Ursa,161.6M,3,,yes
Viper,148.5M,3,,yes
Wolfgang,83.6M,4,,yes
Xenon,102.2M,5,,yes
YukiHana,93.4M,4,,yes
Zorro,202.5M,1,,yes
AceOfSpades,95.1M,1,,yes
BigBear,195.9M,4,,yes
CaptainCrunch,101.9M,3,,yes
DuskRider,214.8M,5,,yes
Eagle Eye,208.4M,4,,yes
Falcon,92.2M,4,,yes
Gideon,124.2M,4,,no
Havoc,80.0M,3,,yes
Inferno,98.2M,5,,yes
Jester,149.3M,5,,yes
Kodiak,130.0M,5,,yes
Lancer,124.9M,3,,yes
Mistral,229.5M,3,,yes
Nomad,144.2M,2,,yes
Onyx,187.3M,2,,yes
Paladin,81.7M,3,,yes
Quasar,193.6M,4,,yes
Raptor,159.4M,4,,yes
Spectre,121.8M,4,,yes
Titania,147.6M,5,,yes
Umbra,205.6M,1,,no
Vortex,174.0M,2,,yes
